{"x":0.8770833333333333,"y":0.01568627450980392}