{"x":0.8477751756440282,"y":0.05416666666666667}