{"x":0.010416666666666666,"y":0.7490196078431373}