{"x":0.36533957845433257,"y":0.7541666666666667}