{"x":0.41041666666666665,"y":0.8431372549019608}