{"x":0.016666666666666666,"y":0.9372549019607843}