{"x":0.02107728337236534,"y":0.9291666666666667}