{"x":0.020833333333333332,"y":0.9372549019607843}