{"x":0.49583333333333335,"y":0.023529411764705882}