{"x":0.01639344262295082,"y":0.26666666666666666}