{"x":0.4354166666666667,"y":0.03137254901960784}