{"x":0.0117096018735363,"y":0.45416666666666666}