{"x":0.008333333333333333,"y":0.4627450980392157}